,mean_test_score,std_test_score,mean_train_score,std_train_score
1,-0.8453448275862069,0.5384907565474448,-0.8380295566502463,0.02048896921982276
2,-0.8453448275862068,0.5384907565474442,-0.8380295566502463,0.02048896921982272
0,-0.7771696960449366,0.35380306685330787,-0.7713150139640321,0.012898837737829995
3,-0.508927331465583,0.3757996435327321,-0.045672458904427,0.007249311396062519
4,-0.5075759273624495,0.3865998054591222,-0.06673597845106766,0.008114446255012786
